{"epoch":14,"_wandb":{"runtime":9},"_runtime":9,"loss":0.07707457072025552,"accuracy":74.38650306748467,"_timestamp":1.7724203090617962e+09,"_step":14}