{"_timestamp":1.7724207776632378e+09,"_step":19,"epoch":19,"_wandb":{"runtime":23},"_runtime":23,"loss":0.18493701378643373,"accuracy":80.47964305633018}